EmployeeID,Department,JobRole,EngagementScore,JobSatisfaction,WorkLifeBalance,EngagementCategory
1,Sales,Sales Executive,98,4,1,High
2,Research & Development,Research Scientist,79,2,3,High
4,Research & Development,Laboratory Technician,98,3,3,High
5,Research & Development,Research Scientist,98,3,3,High
7,Research & Development,Laboratory Technician,86,2,3,High
8,Research & Development,Laboratory Technician,98,4,2,High
10,Research & Development,Laboratory Technician,60,1,2,Medium
11,Research & Development,Laboratory Technician,98,3,3,High
12,Research & Development,Manufacturing Director,98,3,3,High
13,Research & Development,Healthcare Representative,93,3,2,High
14,Research & Development,Laboratory Technician,78,2,3,High
15,Research & Development,Laboratory Technician,98,3,3,High
16,Research & Development,Research Scientist,94,3,2,High
18,Research & Development,Laboratory Technician,98,4,3,High
19,Research & Development,Laboratory Technician,98,3,3,High
20,Research & Development,Manufacturing Director,62,1,3,Medium
21,Research & Development,Research Scientist,69,2,2,Medium
22,Research & Development,Laboratory Technician,98,4,2,High
23,Sales,Manager,98,4,3,High
24,Research & Development,Research Scientist,98,4,3,High
26,Research & Development,Manufacturing Director,89,3,2,High
27,Sales,Sales Representative,62,1,3,Medium
28,Research & Development,Research Director,77,2,3,High
30,Research & Development,Research Scientist,98,4,3,High
31,Research & Development,Research Scientist,69,1,3,Medium
32,Research & Development,Manager,97,3,2,High
33,Research & Development,Research Scientist,63,1,3,Medium
35,Sales,Sales Executive,77,2,3,High
36,Research & Development,Healthcare Representative,98,4,3,High
38,Sales,Manager,52,1,2,Medium
39,Research & Development,Laboratory Technician,98,4,3,High
40,Research & Development,Healthcare Representative,98,4,4,High
41,Research & Development,Laboratory Technician,98,3,3,High
42,Sales,Sales Representative,98,4,4,High
45,Research & Development,Research Scientist,98,4,2,High
46,Research & Development,Research Scientist,95,3,2,High
47,Sales,Sales Representative,98,3,3,High
49,Sales,Sales Representative,98,4,3,High
51,Research & Development,Research Scientist,78,1,4,High
52,Sales,Sales Executive,68,1,3,Medium
53,Research & Development,Laboratory Technician,98,4,3,High
54,Research & Development,Laboratory Technician,67,1,3,Medium
55,Research & Development,Laboratory Technician,95,3,2,High
56,Sales,Sales Executive,98,3,3,High
57,Research & Development,Laboratory Technician,98,4,3,High
58,Research & Development,Research Director,98,3,3,High
60,Sales,Sales Executive,98,3,3,High
61,Research & Development,Research Scientist,90,2,3,High
62,Sales,Sales Executive,98,4,3,High
63,Research & Development,Laboratory Technician,98,4,3,High
64,Research & Development,Laboratory Technician,98,3,3,High
65,Research & Development,Laboratory Technician,90,3,2,High
68,Sales,Sales Executive,51,1,2,Medium
70,Research & Development,Healthcare Representative,66,1,3,Medium
72,Sales,Sales Executive,98,4,2,High
73,Research & Development,Research Director,98,4,3,High
74,Sales,Sales Executive,50,1,2,Low
75,Research & Development,Laboratory Technician,64,1,3,Medium
76,Research & Development,Laboratory Technician,98,4,2,High
77,Research & Development,Manufacturing Director,98,3,4,High
78,Research & Development,Manufacturing Director,98,4,3,High
79,Research & Development,Laboratory Technician,98,4,3,High
80,Research & Development,Research Director,87,3,2,High
81,Sales,Sales Executive,56,1,2,Medium
83,Research & Development,Healthcare Representative,98,3,3,High
84,Research & Development,Manager,98,3,3,High
85,Research & Development,Manufacturing Director,77,2,3,High
86,Research & Development,Research Scientist,67,1,3,Medium
88,Research & Development,Research Scientist,56,1,2,Medium
90,Research & Development,Research Scientist,93,3,2,High
91,Sales,Sales Executive,88,3,2,High
94,Research & Development,Research Scientist,77,2,3,High
95,Research & Development,Research Scientist,79,2,3,High
96,Research & Development,Research Scientist,87,2,3,High
97,Research & Development,Laboratory Technician,98,4,3,High
98,Research & Development,Manufacturing Director,98,4,3,High
100,Sales,Sales Executive,64,1,3,Medium
101,Research & Development,Research Director,79,1,4,High
102,Research & Development,Research Director,98,3,4,High
103,Human Resources,Human Resources,83,2,3,High
104,Research & Development,Laboratory Technician,98,4,2,High
105,Research & Development,Research Scientist,96,3,3,High
106,Sales,Sales Executive,98,4,3,High
107,Research & Development,Research Scientist,98,4,3,High
110,Research & Development,Manufacturing Director,79,2,3,High
112,Research & Development,Manufacturing Director,98,4,2,High
113,Sales,Sales Representative,65,1,3,Medium
116,Research & Development,Laboratory Technician,98,4,3,High
117,Research & Development,Healthcare Representative,98,4,3,High
118,Sales,Sales Executive,98,4,3,High
119,Research & Development,Healthcare Representative,71,2,2,Medium
120,Sales,Sales Executive,97,4,1,High
121,Sales,Sales Executive,75,2,2,Medium
124,Research & Development,Healthcare Representative,51,1,2,Medium
125,Sales,Sales Executive,98,3,3,High
126,Research & Development,Research Director,86,3,1,High
128,Sales,Sales Executive,98,3,2,High
129,Sales,Sales Executive,98,3,4,High
131,Sales,Sales Executive,93,3,2,High
132,Research & Development,Laboratory Technician,97,2,4,High
133,Human Resources,Human Resources,59,1,3,Medium
134,Research & Development,Research Scientist,67,1,3,Medium
137,Research & Development,Laboratory Technician,98,4,3,High
138,Research & Development,Research Scientist,97,3,3,High
139,Research & Development,Healthcare Representative,98,4,4,High
140,Human Resources,Manager,98,4,3,High
141,Research & Development,Research Director,80,2,2,High
142,Sales,Sales Executive,98,3,3,High
143,Research & Development,Research Scientist,98,4,3,High
144,Research & Development,Laboratory Technician,98,4,3,High
145,Research & Development,Healthcare Representative,59,1,2,Medium
147,Research & Development,Laboratory Technician,98,3,3,High
148,Human Resources,Manager,98,4,3,High
150,Research & Development,Laboratory Technician,98,3,3,High
151,Research & Development,Research Scientist,80,2,3,High
152,Sales,Sales Executive,98,4,3,High
153,Research & Development,Manager,59,1,3,Medium
154,Sales,Sales Executive,98,4,3,High
155,Research & Development,Laboratory Technician,98,4,3,High
158,Sales,Manager,98,4,4,High
159,Research & Development,Research Scientist,93,3,2,High
160,Sales,Sales Executive,94,2,4,High
161,Research & Development,Research Scientist,87,2,3,High
162,Research & Development,Research Director,98,3,3,High
163,Sales,Sales Executive,95,3,2,High
164,Research & Development,Research Scientist,78,2,2,High
165,Research & Development,Healthcare Representative,98,4,2,High
167,Sales,Sales Representative,96,3,2,High
169,Research & Development,Laboratory Technician,98,4,3,High
170,Research & Development,Manufacturing Director,60,1,2,Medium
171,Research & Development,Research Scientist,94,3,3,High
174,Sales,Sales Executive,98,4,3,High
175,Sales,Sales Executive,98,3,3,High
176,Sales,Sales Executive,98,3,3,High
177,Human Resources,Human Resources,98,3,3,High
178,Research & Development,Manufacturing Director,76,2,3,High
179,Research & Development,Manufacturing Director,98,4,3,High
182,Sales,Sales Executive,98,3,4,High
183,Sales,Sales Executive,98,3,3,High
184,Human Resources,Human Resources,98,4,1,High
190,Research & Development,Laboratory Technician,78,1,4,High
192,Research & Development,Research Scientist,98,4,2,High
193,Research & Development,Research Scientist,94,3,3,High
194,Research & Development,Research Scientist,91,3,2,High
195,Sales,Sales Executive,98,4,4,High
197,Research & Development,Research Scientist,60,1,3,Medium
198,Research & Development,Laboratory Technician,98,4,3,High
199,Research & Development,Manager,58,1,2,Medium
200,Research & Development,Laboratory Technician,62,1,3,Medium
201,Research & Development,Laboratory Technician,85,2,3,High
202,Research & Development,Research Scientist,82,2,3,High
204,Sales,Sales Executive,85,2,3,High
205,Sales,Sales Representative,82,3,1,High
206,Research & Development,Laboratory Technician,67,2,1,Medium
207,Sales,Sales Executive,98,4,3,High
208,Research & Development,Manufacturing Director,98,3,3,High
211,Research & Development,Manufacturing Director,98,3,3,High
214,Research & Development,Research Scientist,77,2,2,High
215,Sales,Sales Executive,98,4,2,High
216,Sales,Sales Representative,94,3,3,High
217,Research & Development,Research Scientist,98,4,3,High
218,Research & Development,Research Scientist,62,2,1,Medium
221,Research & Development,Research Scientist,98,4,1,High
223,Research & Development,Healthcare Representative,98,4,1,High
224,Research & Development,Research Scientist,88,3,2,High
226,Research & Development,Manager,78,2,3,High
227,Research & Development,Research Scientist,98,3,3,High
228,Sales,Sales Executive,98,4,3,High
230,Sales,Sales Executive,98,4,4,High
231,Research & Development,Research Scientist,98,3,3,High
233,Research & Development,Research Scientist,68,2,2,Medium
235,Sales,Sales Representative,68,1,4,Medium
238,Research & Development,Laboratory Technician,68,2,2,Medium
239,Research & Development,Laboratory Technician,62,1,3,Medium
240,Sales,Sales Executive,82,1,4,High
241,Research & Development,Research Scientist,71,1,3,Medium
242,Research & Development,Research Scientist,98,4,4,High
243,Research & Development,Laboratory Technician,98,4,2,High
244,Sales,Sales Executive,62,1,3,Medium
245,Research & Development,Laboratory Technician,98,4,3,High
246,Research & Development,Research Scientist,98,4,3,High
247,Research & Development,Research Scientist,90,2,3,High
248,Sales,Sales Representative,79,2,2,High
249,Research & Development,Laboratory Technician,90,3,2,High
250,Research & Development,Manufacturing Director,68,1,3,Medium
252,Research & Development,Research Scientist,84,2,3,High
253,Research & Development,Manager,98,3,3,High
254,Research & Development,Research Director,90,2,3,High
256,Research & Development,Manufacturing Director,93,3,2,High
258,Research & Development,Healthcare Representative,85,2,3,High
259,Research & Development,Manager,98,3,3,High
260,Research & Development,Research Scientist,78,2,2,High
261,Research & Development,Manufacturing Director,96,3,3,High
262,Research & Development,Research Scientist,98,4,4,High
264,Research & Development,Manager,98,4,3,High
267,Research & Development,Research Scientist,48,1,2,Low
269,Research & Development,Laboratory Technician,79,2,3,High
270,Research & Development,Manufacturing Director,98,3,3,High
271,Research & Development,Manufacturing Director,97,3,3,High
273,Research & Development,Manufacturing Director,98,4,1,High
274,Research & Development,Manufacturing Director,62,1,3,Medium
275,Research & Development,Manufacturing Director,98,4,3,High
277,Research & Development,Research Scientist,98,3,4,High
281,Research & Development,Laboratory Technician,98,4,4,High
282,Research & Development,Healthcare Representative,72,1,3,Medium
283,Sales,Sales Executive,98,4,2,High
284,Research & Development,Research Scientist,78,2,2,High
286,Research & Development,Laboratory Technician,98,4,3,High
287,Research & Development,Healthcare Representative,98,4,1,High
288,Research & Development,Healthcare Representative,64,1,3,Medium
291,Sales,Sales Executive,98,4,2,High
292,Research & Development,Manufacturing Director,96,3,3,High
293,Sales,Sales Executive,98,3,3,High
296,Research & Development,Research Director,67,2,1,Medium
297,Research & Development,Research Scientist,59,1,3,Medium
298,Sales,Manager,98,4,3,High
299,Sales,Sales Executive,60,1,2,Medium
300,Research & Development,Research Scientist,97,3,2,High
302,Sales,Sales Executive,98,4,3,High
303,Sales,Sales Executive,62,1,3,Medium
304,Research & Development,Laboratory Technician,91,2,4,High
305,Research & Development,Research Scientist,87,2,3,High
306,Research & Development,Research Director,98,4,3,High
307,Sales,Sales Executive,95,3,2,High
308,Research & Development,Manufacturing Director,98,3,3,High
309,Research & Development,Research Scientist,98,4,3,High
311,Sales,Sales Representative,98,4,3,High
312,Sales,Sales Executive,98,4,3,High
314,Sales,Sales Executive,98,3,4,High
315,Research & Development,Research Scientist,98,4,2,High
316,Research & Development,Laboratory Technician,98,4,2,High
319,Research & Development,Manager,98,4,3,High
321,Human Resources,Human Resources,92,3,2,High
323,Sales,Manager,98,4,2,High
325,Research & Development,Laboratory Technician,98,4,1,High
327,Sales,Manager,98,4,3,High
328,Research & Development,Laboratory Technician,68,1,4,Medium
329,Sales,Manager,98,3,4,High
330,Sales,Sales Representative,86,2,3,High
331,Research & Development,Laboratory Technician,87,3,1,High
332,Research & Development,Laboratory Technician,98,3,3,High
333,Sales,Sales Executive,98,4,3,High
334,Research & Development,Research Scientist,60,1,2,Medium
335,Research & Development,Research Scientist,98,4,3,High
336,Research & Development,Manager,98,4,3,High
337,Research & Development,Research Director,98,3,3,High
338,Research & Development,Research Scientist,98,4,2,High
339,Research & Development,Manufacturing Director,65,1,3,Medium
340,Research & Development,Research Scientist,58,1,2,Medium
341,Research & Development,Manufacturing Director,98,3,3,High
342,Research & Development,Manufacturing Director,98,3,3,High
343,Research & Development,Healthcare Representative,98,3,3,High
346,Research & Development,Research Scientist,98,4,3,High
347,Research & Development,Research Scientist,60,1,3,Medium
349,Sales,Sales Executive,98,4,3,High
350,Research & Development,Manufacturing Director,98,3,3,High
351,Research & Development,Laboratory Technician,65,1,3,Medium
352,Research & Development,Research Director,98,3,3,High
353,Research & Development,Research Scientist,98,4,2,High
355,Research & Development,Laboratory Technician,91,2,4,High
359,Research & Development,Laboratory Technician,63,2,1,Medium
361,Sales,Sales Executive,98,4,3,High
362,Research & Development,Laboratory Technician,61,1,3,Medium
363,Sales,Manager,66,2,2,Medium
364,Research & Development,Laboratory Technician,87,3,1,High
366,Sales,Sales Executive,76,2,3,High
367,Research & Development,Healthcare Representative,98,4,3,High
369,Research & Development,Healthcare Representative,61,1,3,Medium
372,Research & Development,Healthcare Representative,98,4,3,High
373,Research & Development,Laboratory Technician,98,4,3,High
374,Research & Development,Manager,64,1,3,Medium
376,Research & Development,Manager,67,2,2,Medium
377,Research & Development,Research Scientist,98,4,2,High
378,Sales,Sales Executive,98,4,4,High
379,Research & Development,Research Scientist,98,3,4,High
380,Research & Development,Research Director,98,4,3,High
381,Research & Development,Manager,73,2,2,Medium
382,Sales,Sales Executive,58,1,3,Medium
384,Research & Development,Manufacturing Director,66,2,1,Medium
385,Research & Development,Research Director,66,2,2,Medium
386,Research & Development,Research Director,85,3,2,High
387,Sales,Sales Executive,95,3,3,High
388,Sales,Sales Executive,98,4,2,High
389,Research & Development,Laboratory Technician,98,4,3,High
390,Research & Development,Healthcare Representative,64,1,3,Medium
391,Research & Development,Research Scientist,98,4,3,High
392,Research & Development,Laboratory Technician,74,3,1,Medium
393,Research & Development,Healthcare Representative,98,4,3,High
394,Research & Development,Laboratory Technician,78,2,3,High
395,Research & Development,Research Scientist,98,4,3,High
396,Research & Development,Research Director,59,1,3,Medium
397,Research & Development,Research Scientist,80,2,3,High
399,Sales,Sales Representative,77,2,2,High
401,Sales,Sales Executive,98,4,3,High
403,Research & Development,Research Scientist,98,4,2,High
404,Sales,Sales Executive,92,2,4,High
405,Research & Development,Laboratory Technician,97,3,3,High
406,Sales,Sales Executive,72,2,2,Medium
407,Research & Development,Laboratory Technician,98,4,3,High
408,Research & Development,Manufacturing Director,83,2,3,High
410,Sales,Manager,86,2,3,High
411,Sales,Sales Representative,94,3,3,High
412,Research & Development,Healthcare Representative,72,1,3,Medium
416,Sales,Sales Executive,98,4,2,High
417,Research & Development,Healthcare Representative,98,4,2,High
419,Research & Development,Laboratory Technician,80,2,3,High
420,Sales,Sales Executive,87,3,2,High
421,Research & Development,Research Director,77,2,3,High
422,Research & Development,Healthcare Representative,98,3,3,High
423,Research & Development,Research Scientist,98,4,3,High
424,Human Resources,Human Resources,68,1,3,Medium
425,Research & Development,Laboratory Technician,72,1,3,Medium
426,Research & Development,Research Scientist,92,4,1,High
428,Research & Development,Manager,84,2,3,High
429,Research & Development,Manager,69,1,3,Medium
430,Research & Development,Laboratory Technician,98,4,3,High
431,Research & Development,Healthcare Representative,98,3,3,High
433,Research & Development,Research Scientist,78,2,2,High
434,Research & Development,Research Scientist,68,2,2,Medium
436,Sales,Sales Executive,79,2,3,High
437,Sales,Sales Executive,98,3,3,High
438,Sales,Sales Executive,98,4,3,High
439,Research & Development,Research Scientist,98,4,2,High
440,Research & Development,Research Scientist,98,4,2,High
441,Research & Development,Research Scientist,98,4,3,High
442,Research & Development,Manufacturing Director,96,3,3,High
444,Research & Development,Manager,98,4,3,High
445,Sales,Sales Executive,86,3,2,High
446,Sales,Sales Executive,98,4,2,High
447,Research & Development,Research Director,98,3,3,High
448,Research & Development,Laboratory Technician,98,3,4,High
449,Sales,Sales Executive,84,2,3,High
450,Research & Development,Research Scientist,84,3,2,High
451,Research & Development,Healthcare Representative,55,1,2,Medium
452,Research & Development,Research Scientist,98,4,3,High
453,Sales,Sales Executive,98,4,2,High
454,Research & Development,Laboratory Technician,55,1,2,Medium
455,Research & Development,Laboratory Technician,98,4,3,High
456,Sales,Sales Executive,98,3,3,High
458,Sales,Sales Executive,87,2,3,High
460,Research & Development,Manufacturing Director,98,4,2,High
461,Research & Development,Research Director,98,4,3,High
462,Research & Development,Manufacturing Director,98,4,2,High
463,Sales,Sales Executive,82,2,3,High
464,Research & Development,Manufacturing Director,90,2,3,High
465,Research & Development,Research Scientist,98,4,2,High
466,Research & Development,Manufacturing Director,85,2,3,High
467,Sales,Sales Representative,96,3,3,High
468,Research & Development,Research Director,98,4,3,High
469,Sales,Sales Executive,95,3,2,High
470,Human Resources,Human Resources,98,3,3,High
471,Research & Development,Laboratory Technician,84,2,3,High
473,Sales,Manager,77,3,1,High
474,Research & Development,Research Scientist,69,1,3,Medium
475,Sales,Sales Executive,98,3,4,High
476,Sales,Sales Executive,95,3,3,High
477,Research & Development,Healthcare Representative,98,4,3,High
478,Sales,Sales Representative,89,2,3,High
479,Sales,Sales Executive,98,4,3,High
481,Sales,Sales Executive,98,4,3,High
482,Research & Development,Healthcare Representative,98,3,3,High
483,Research & Development,Laboratory Technician,98,3,3,High
484,Sales,Sales Representative,98,4,2,High
485,Sales,Sales Representative,98,3,3,High
486,Research & Development,Laboratory Technician,66,1,3,Medium
487,Research & Development,Manufacturing Director,98,3,4,High
488,Sales,Sales Executive,78,2,3,High
491,Research & Development,Healthcare Representative,98,4,3,High
492,Sales,Sales Executive,97,3,3,High
493,Research & Development,Research Scientist,83,2,3,High
494,Sales,Sales Representative,81,2,3,High
495,Research & Development,Research Scientist,98,4,3,High
496,Research & Development,Healthcare Representative,76,2,3,High
497,Research & Development,Laboratory Technician,83,2,3,High
498,Sales,Sales Executive,98,4,3,High
499,Research & Development,Healthcare Representative,98,3,3,High
500,Sales,Sales Executive,98,4,2,High
501,Research & Development,Research Scientist,98,3,3,High
502,Sales,Sales Executive,98,4,2,High
505,Research & Development,Manager,98,4,3,High
507,Sales,Sales Executive,98,3,4,High
508,Sales,Sales Representative,79,2,3,High
510,Research & Development,Research Scientist,71,1,3,Medium
511,Research & Development,Research Scientist,78,2,3,High
513,Sales,Sales Executive,98,3,3,High
514,Research & Development,Research Scientist,98,4,3,High
515,Research & Development,Laboratory Technician,50,1,2,Low
516,Sales,Sales Executive,84,2,3,High
517,Research & Development,Laboratory Technician,70,1,3,Medium
518,Research & Development,Manufacturing Director,67,2,2,Medium
520,Research & Development,Research Director,89,2,3,High
521,Research & Development,Laboratory Technician,95,3,3,High
522,Research & Development,Research Director,49,1,2,Low
523,Sales,Sales Executive,98,3,3,High
524,Research & Development,Manufacturing Director,40,1,1,Low
525,Research & Development,Laboratory Technician,98,4,3,High
526,Research & Development,Healthcare Representative,98,3,3,High
527,Sales,Sales Executive,98,4,3,High
529,Research & Development,Research Scientist,94,3,3,High
530,Research & Development,Laboratory Technician,61,1,3,Medium
531,Research & Development,Manager,94,3,3,High
532,Sales,Sales Executive,61,1,2,Medium
533,Sales,Sales Executive,98,3,3,High
534,Sales,Sales Executive,61,1,3,Medium
536,Research & Development,Laboratory Technician,65,1,3,Medium
538,Research & Development,Laboratory Technician,65,1,3,Medium
543,Research & Development,Manufacturing Director,98,3,3,High
544,Research & Development,Research Scientist,98,4,2,High
546,Research & Development,Manager,92,4,1,High
547,Research & Development,Research Scientist,94,3,3,High
548,Research & Development,Manufacturing Director,98,4,3,High
549,Research & Development,Manager,48,1,1,Low
550,Research & Development,Manufacturing Director,86,3,2,High
551,Research & Development,Healthcare Representative,98,4,4,High
554,Sales,Sales Representative,82,2,3,High
555,Sales,Sales Representative,89,3,2,High
556,Research & Development,Laboratory Technician,98,4,3,High
558,Sales,Manager,98,3,3,High
560,Research & Development,Research Scientist,97,4,1,High
562,Research & Development,Laboratory Technician,97,4,1,High
564,Research & Development,Research Director,98,3,3,High
565,Research & Development,Research Scientist,88,2,4,High
566,Human Resources,Human Resources,98,4,4,High
567,Sales,Sales Executive,65,1,3,Medium
568,Sales,Manager,98,4,2,High
569,Research & Development,Manager,98,3,3,High
571,Research & Development,Laboratory Technician,98,4,2,High
573,Sales,Sales Executive,72,1,4,Medium
574,Research & Development,Manufacturing Director,98,4,3,High
575,Research & Development,Research Director,74,3,1,Medium
577,Research & Development,Laboratory Technician,98,3,3,High
578,Research & Development,Laboratory Technician,98,3,3,High
579,Research & Development,Research Scientist,94,3,3,High
580,Sales,Sales Executive,98,4,3,High
581,Research & Development,Manufacturing Director,97,2,4,High
582,Research & Development,Manager,98,3,4,High
584,Research & Development,Laboratory Technician,98,4,3,High
585,Sales,Sales Representative,79,2,3,High
586,Research & Development,Healthcare Representative,96,3,3,High
587,Research & Development,Healthcare Representative,94,3,3,High
590,Human Resources,Human Resources,58,1,3,Medium
591,Research & Development,Laboratory Technician,98,3,3,High
592,Sales,Sales Executive,98,4,2,High
593,Research & Development,Laboratory Technician,98,3,3,High
595,Sales,Sales Executive,98,4,3,High
597,Sales,Manager,89,2,3,High
599,Sales,Sales Executive,98,4,3,High
600,Sales,Sales Executive,98,3,3,High
601,Research & Development,Manufacturing Director,96,3,3,High
602,Research & Development,Laboratory Technician,98,3,3,High
604,Sales,Sales Executive,98,4,4,High
605,Research & Development,Manufacturing Director,52,1,2,Medium
606,Sales,Sales Executive,93,2,4,High
608,Human Resources,Human Resources,96,3,2,High
611,Research & Development,Manufacturing Director,98,4,4,High
612,Research & Development,Research Director,98,3,3,High
613,Sales,Manager,98,4,2,High
614,Sales,Sales Representative,90,2,3,High
615,Sales,Sales Executive,60,1,3,Medium
616,Research & Development,Healthcare Representative,98,3,3,High
618,Sales,Sales Executive,94,3,3,High
620,Sales,Sales Executive,97,3,3,High
621,Sales,Sales Executive,98,4,3,High
622,Research & Development,Laboratory Technician,98,4,1,High
623,Research & Development,Manufacturing Director,98,4,4,High
624,Research & Development,Healthcare Representative,90,3,2,High
625,Sales,Manager,58,1,3,Medium
626,Sales,Sales Executive,78,2,3,High
630,Research & Development,Research Scientist,59,1,3,Medium
631,Sales,Sales Executive,98,3,3,High
632,Sales,Sales Representative,98,4,3,High
634,Research & Development,Healthcare Representative,98,3,3,High
635,Research & Development,Manufacturing Director,71,2,2,Medium
638,Research & Development,Research Director,98,3,3,High
639,Research & Development,Research Scientist,98,4,3,High
641,Sales,Sales Executive,93,2,4,High
643,Research & Development,Laboratory Technician,89,2,3,High
644,Human Resources,Manager,83,2,3,High
645,Sales,Sales Representative,95,3,3,High
647,Research & Development,Laboratory Technician,98,3,3,High
648,Sales,Sales Representative,73,1,4,Medium
649,Research & Development,Research Scientist,98,4,3,High
650,Sales,Sales Executive,39,1,1,Low
652,Research & Development,Laboratory Technician,98,4,3,High
653,Sales,Sales Executive,98,4,4,High
655,Research & Development,Research Scientist,93,3,2,High
656,Sales,Sales Executive,85,3,2,High
657,Research & Development,Research Scientist,95,2,4,High
659,Research & Development,Healthcare Representative,98,4,3,High
661,Research & Development,Research Director,98,4,2,High
662,Research & Development,Research Scientist,48,1,2,Low
663,Research & Development,Laboratory Technician,98,3,3,High
664,Research & Development,Manager,48,1,1,Low
665,Human Resources,Human Resources,98,3,4,High
666,Sales,Sales Representative,98,3,3,High
667,Sales,Sales Representative,70,1,3,Medium
669,Sales,Sales Representative,98,3,3,High
671,Research & Development,Manager,98,4,4,High
675,Research & Development,Research Scientist,98,3,3,High
677,Sales,Sales Executive,96,3,3,High
679,Research & Development,Research Scientist,98,4,2,High
680,Research & Development,Research Scientist,98,3,3,High
682,Sales,Sales Executive,75,1,4,Medium
683,Research & Development,Research Scientist,98,4,2,High
684,Sales,Sales Executive,69,1,3,Medium
686,Research & Development,Laboratory Technician,98,4,3,High
689,Research & Development,Manufacturing Director,98,3,3,High
690,Sales,Sales Executive,92,3,2,High
691,Research & Development,Research Scientist,98,4,3,High
692,Research & Development,Healthcare Representative,98,4,1,High
698,Human Resources,Human Resources,89,2,4,High
699,Research & Development,Manufacturing Director,76,2,3,High
700,Research & Development,Research Scientist,98,4,3,High
701,Research & Development,Research Scientist,98,3,3,High
702,Research & Development,Research Scientist,71,1,3,Medium
704,Research & Development,Laboratory Technician,98,3,3,High
705,Research & Development,Research Scientist,70,1,4,Medium
707,Sales,Sales Executive,82,2,3,High
709,Sales,Sales Executive,98,4,3,High
710,Research & Development,Research Scientist,98,4,3,High
712,Sales,Sales Executive,77,2,3,High
714,Sales,Sales Executive,98,4,3,High
715,Research & Development,Research Scientist,98,4,3,High
716,Research & Development,Laboratory Technician,98,3,3,High
717,Research & Development,Healthcare Representative,91,2,4,High
720,Sales,Sales Executive,96,3,3,High
721,Research & Development,Healthcare Representative,98,3,3,High
722,Sales,Sales Executive,98,4,2,High
723,Sales,Sales Executive,98,3,3,High
724,Research & Development,Healthcare Representative,98,4,2,High
725,Research & Development,Manufacturing Director,70,1,3,Medium
727,Research & Development,Research Director,98,4,3,High
728,Sales,Sales Executive,67,1,3,Medium
729,Sales,Sales Executive,67,1,3,Medium
730,Research & Development,Research Director,98,3,3,High
731,Human Resources,Manager,98,4,2,High
732,Sales,Sales Executive,61,1,3,Medium
733,Research & Development,Manufacturing Director,57,1,2,Medium
734,Human Resources,Manager,98,3,3,High
738,Sales,Sales Representative,90,2,3,High
741,Research & Development,Research Scientist,81,2,3,High
742,Research & Development,Research Director,68,1,3,Medium
743,Research & Development,Manufacturing Director,98,3,4,High
744,Research & Development,Laboratory Technician,98,3,3,High
746,Sales,Sales Executive,84,3,2,High
747,Sales,Sales Executive,98,4,2,High
749,Sales,Sales Representative,98,3,3,High
752,Research & Development,Research Scientist,98,3,3,High
754,Sales,Sales Executive,98,4,3,High
757,Research & Development,Healthcare Representative,98,3,3,High
758,Research & Development,Laboratory Technician,72,1,4,Medium
760,Human Resources,Human Resources,62,2,1,Medium
762,Research & Development,Healthcare Representative,98,4,2,High
763,Research & Development,Research Scientist,98,4,2,High
764,Research & Development,Healthcare Representative,50,1,1,Low
766,Sales,Sales Representative,79,2,3,High
769,Research & Development,Laboratory Technician,98,4,3,High
771,Research & Development,Healthcare Representative,82,1,4,High
772,Research & Development,Laboratory Technician,98,4,3,High
773,Research & Development,Research Scientist,80,3,1,High
775,Research & Development,Manufacturing Director,65,1,3,Medium
776,Sales,Manager,71,1,4,Medium
780,Research & Development,Research Scientist,98,4,2,High
781,Sales,Sales Executive,98,4,2,High
783,Sales,Sales Representative,98,3,3,High
784,Research & Development,Research Scientist,98,3,3,High
785,Sales,Sales Executive,98,3,3,High
786,Sales,Sales Executive,98,4,3,High
787,Research & Development,Manager,58,1,3,Medium
789,Sales,Sales Executive,65,1,3,Medium
791,Research & Development,Research Scientist,98,4,3,High
792,Research & Development,Laboratory Technician,98,4,3,High
793,Research & Development,Healthcare Representative,95,3,2,High
796,Sales,Sales Executive,57,1,2,Medium
797,Research & Development,Research Scientist,98,4,3,High
799,Research & Development,Manufacturing Director,67,1,3,Medium
800,Sales,Sales Executive,98,4,3,High
802,Research & Development,Research Scientist,57,1,2,Medium
803,Research & Development,Manufacturing Director,62,1,3,Medium
804,Research & Development,Research Scientist,71,1,3,Medium
805,Sales,Sales Representative,98,4,2,High
806,Research & Development,Laboratory Technician,98,3,3,High
807,Research & Development,Healthcare Representative,84,2,3,High
808,Sales,Sales Executive,69,1,3,Medium
809,Research & Development,Manager,98,4,2,High
811,Research & Development,Laboratory Technician,58,1,3,Medium
812,Research & Development,Laboratory Technician,85,2,3,High
813,Research & Development,Laboratory Technician,98,3,3,High
815,Research & Development,Research Director,94,3,3,High
816,Research & Development,Laboratory Technician,72,1,3,Medium
817,Research & Development,Research Director,98,3,4,High
819,Sales,Sales Executive,71,1,3,Medium
820,Research & Development,Manager,98,4,2,High
823,Research & Development,Manufacturing Director,84,2,3,High
824,Research & Development,Research Scientist,98,3,3,High
825,Research & Development,Research Director,88,2,3,High
826,Research & Development,Research Scientist,98,3,3,High
827,Research & Development,Manufacturing Director,98,4,3,High
828,Research & Development,Research Scientist,96,3,2,High
829,Human Resources,Human Resources,82,2,3,High
830,Research & Development,Manufacturing Director,98,3,3,High
832,Research & Development,Laboratory Technician,98,3,3,High
833,Research & Development,Manufacturing Director,98,4,2,High
834,Research & Development,Research Scientist,98,3,3,High
836,Research & Development,Manufacturing Director,72,2,2,Medium
837,Research & Development,Healthcare Representative,50,1,2,Low
838,Research & Development,Research Scientist,98,4,3,High
840,Sales,Sales Executive,98,4,4,High
842,Sales,Sales Executive,98,4,2,High
843,Research & Development,Research Director,62,1,3,Medium
844,Research & Development,Research Director,98,4,3,High
845,Research & Development,Manufacturing Director,98,3,4,High
846,Sales,Sales Executive,88,2,3,High
847,Human Resources,Human Resources,98,4,1,High
848,Research & Development,Research Scientist,98,3,3,High
850,Research & Development,Research Scientist,98,4,2,High
851,Sales,Manager,98,3,2,High
852,Research & Development,Healthcare Representative,66,2,2,Medium
854,Research & Development,Research Scientist,61,1,2,Medium
855,Sales,Sales Executive,71,1,3,Medium
856,Research & Development,Research Scientist,61,1,2,Medium
857,Sales,Sales Executive,98,4,2,High
859,Sales,Sales Executive,98,4,2,High
861,Research & Development,Research Scientist,98,4,2,High
862,Sales,Sales Executive,98,4,3,High
864,Sales,Sales Executive,67,1,3,Medium
865,Research & Development,Research Scientist,88,3,2,High
867,Research & Development,Manufacturing Director,98,4,3,High
868,Sales,Sales Executive,97,3,3,High
869,Human Resources,Human Resources,98,4,3,High
872,Research & Development,Manufacturing Director,98,4,1,High
874,Research & Development,Laboratory Technician,98,4,2,High
875,Research & Development,Research Scientist,98,4,3,High
878,Human Resources,Human Resources,64,1,3,Medium
879,Sales,Sales Executive,67,1,3,Medium
880,Research & Development,Manufacturing Director,98,3,3,High
881,Research & Development,Research Scientist,71,2,2,Medium
882,Research & Development,Laboratory Technician,98,4,3,High
885,Sales,Sales Executive,71,1,4,Medium
887,Research & Development,Research Scientist,59,1,3,Medium
888,Research & Development,Laboratory Technician,98,4,2,High
889,Sales,Sales Executive,90,2,3,High
893,Sales,Sales Representative,85,2,3,High
894,Research & Development,Laboratory Technician,98,4,2,High
895,Research & Development,Research Scientist,98,4,3,High
896,Sales,Sales Representative,98,3,3,High
897,Sales,Sales Executive,98,4,3,High
899,Research & Development,Manufacturing Director,83,2,3,High
900,Sales,Sales Representative,98,4,3,High
901,Research & Development,Research Director,98,4,3,High
902,Research & Development,Healthcare Representative,98,4,2,High
903,Sales,Sales Executive,98,4,3,High
904,Sales,Sales Executive,82,2,3,High
905,Research & Development,Manager,59,1,3,Medium
909,Human Resources,Human Resources,98,4,3,High
910,Human Resources,Human Resources,97,2,4,High
911,Research & Development,Laboratory Technician,98,4,1,High
912,Research & Development,Laboratory Technician,98,4,3,High
913,Research & Development,Research Scientist,65,1,3,Medium
916,Sales,Sales Executive,98,4,3,High
918,Research & Development,Laboratory Technician,98,4,2,High
920,Research & Development,Manufacturing Director,88,2,4,High
922,Sales,Sales Representative,95,3,2,High
923,Research & Development,Research Scientist,98,4,2,High
924,Research & Development,Healthcare Representative,98,4,2,High
925,Sales,Sales Representative,98,4,2,High
926,Research & Development,Manufacturing Director,98,3,4,High
927,Research & Development,Laboratory Technician,98,4,2,High
930,Research & Development,Research Scientist,98,3,3,High
932,Research & Development,Laboratory Technician,49,1,1,Low
933,Research & Development,Research Scientist,96,3,3,High
934,Research & Development,Laboratory Technician,76,2,3,High
936,Sales,Sales Executive,94,3,3,High
939,Research & Development,Research Scientist,65,1,3,Medium
940,Research & Development,Healthcare Representative,85,2,3,High
941,Sales,Sales Representative,98,3,4,High
942,Research & Development,Healthcare Representative,98,4,1,High
944,Research & Development,Laboratory Technician,78,2,2,High
945,Research & Development,Research Scientist,96,3,2,High
947,Sales,Sales Executive,95,3,2,High
949,Research & Development,Research Scientist,98,4,3,High
950,Research & Development,Research Director,71,1,3,Medium
951,Research & Development,Laboratory Technician,77,2,3,High
952,Sales,Sales Representative,88,2,3,High
954,Sales,Sales Executive,68,2,2,Medium
956,Sales,Sales Executive,59,1,3,Medium
957,Research & Development,Laboratory Technician,60,1,3,Medium
958,Research & Development,Laboratory Technician,98,3,3,High
959,Sales,Sales Representative,86,2,4,High
960,Research & Development,Laboratory Technician,67,1,3,Medium
961,Research & Development,Healthcare Representative,98,4,1,High
964,Research & Development,Research Scientist,88,2,3,High
966,Research & Development,Manufacturing Director,77,1,4,High
967,Sales,Sales Executive,98,4,3,High
969,Research & Development,Healthcare Representative,98,4,3,High
970,Sales,Sales Executive,87,3,1,High
972,Research & Development,Laboratory Technician,67,2,2,Medium
974,Sales,Sales Representative,98,4,3,High
975,Sales,Sales Executive,98,3,3,High
976,Research & Development,Manager,98,4,2,High
977,Research & Development,Research Scientist,97,3,3,High
981,Sales,Manager,98,3,4,High
982,Sales,Sales Executive,98,3,4,High
983,Sales,Sales Executive,98,4,3,High
984,Sales,Sales Executive,98,4,3,High
985,Sales,Sales Executive,98,3,3,High
986,Sales,Sales Executive,78,2,2,High
987,Research & Development,Manufacturing Director,98,3,4,High
990,Sales,Sales Executive,98,4,3,High
991,Research & Development,Research Scientist,66,1,3,Medium
992,Sales,Manager,98,3,3,High
994,Research & Development,Research Scientist,70,1,3,Medium
995,Research & Development,Research Scientist,98,4,3,High
996,Research & Development,Laboratory Technician,98,4,3,High
997,Research & Development,Research Director,98,4,2,High
998,Research & Development,Healthcare Representative,80,2,3,High
999,Research & Development,Research Director,98,3,4,High
1001,Research & Development,Laboratory Technician,83,2,3,High
1002,Research & Development,Laboratory Technician,60,1,3,Medium
1003,Sales,Sales Executive,98,4,3,High
1004,Research & Development,Research Scientist,96,3,3,High
1005,Research & Development,Manufacturing Director,97,3,3,High
1006,Research & Development,Research Scientist,85,3,2,High
1007,Research & Development,Manufacturing Director,94,3,3,High
1009,Research & Development,Manufacturing Director,98,3,3,High
1010,Research & Development,Laboratory Technician,63,2,1,Medium
1011,Research & Development,Manufacturing Director,64,1,3,Medium
1012,Research & Development,Research Scientist,98,4,3,High
1013,Research & Development,Manufacturing Director,98,3,3,High
1014,Research & Development,Healthcare Representative,95,3,2,High
1015,Research & Development,Research Director,48,1,2,Low
1016,Research & Development,Research Scientist,64,1,3,Medium
1017,Research & Development,Laboratory Technician,88,2,3,High
1018,Research & Development,Manufacturing Director,98,4,3,High
1019,Research & Development,Laboratory Technician,56,1,2,Medium
1022,Research & Development,Healthcare Representative,96,3,3,High
1024,Research & Development,Healthcare Representative,98,3,3,High
1025,Research & Development,Manufacturing Director,98,3,3,High
1026,Research & Development,Manufacturing Director,98,4,3,High
1027,Research & Development,Manufacturing Director,98,4,3,High
1028,Research & Development,Laboratory Technician,98,4,2,High
1029,Sales,Manager,98,3,4,High
1030,Research & Development,Laboratory Technician,98,4,3,High
1032,Research & Development,Manufacturing Director,98,4,3,High
1033,Research & Development,Healthcare Representative,68,2,1,Medium
1034,Research & Development,Healthcare Representative,86,2,3,High
1035,Research & Development,Research Director,96,3,3,High
1036,Sales,Sales Executive,98,4,3,High
1037,Sales,Sales Executive,61,1,3,Medium
1038,Sales,Manager,98,4,3,High
1039,Sales,Sales Executive,98,4,3,High
1040,Sales,Sales Executive,98,3,3,High
1042,Research & Development,Laboratory Technician,60,1,3,Medium
1043,Research & Development,Manufacturing Director,69,1,3,Medium
1044,Sales,Sales Representative,98,4,2,High
1045,Sales,Manager,98,4,4,High
1046,Research & Development,Laboratory Technician,98,3,3,High
1047,Sales,Sales Executive,98,4,2,High
1048,Sales,Manager,98,4,1,High
1049,Human Resources,Human Resources,79,2,3,High
1050,Sales,Sales Executive,78,2,3,High
1052,Research & Development,Laboratory Technician,93,3,2,High
1053,Research & Development,Research Scientist,72,1,3,Medium
1055,Sales,Sales Representative,98,3,3,High
1056,Sales,Sales Representative,80,2,3,High
1060,Research & Development,Research Scientist,96,3,3,High
1061,Research & Development,Research Director,95,3,2,High
1062,Research & Development,Healthcare Representative,74,2,2,Medium
1066,Sales,Sales Executive,51,1,2,Medium
1068,Research & Development,Research Scientist,98,3,3,High
1069,Research & Development,Research Director,98,4,3,High
1070,Sales,Sales Executive,97,3,3,High
1071,Research & Development,Research Scientist,98,3,3,High
1073,Research & Development,Manufacturing Director,98,4,2,High
1074,Research & Development,Manager,76,1,4,High
1076,Sales,Sales Executive,98,4,3,High
1077,Sales,Sales Representative,98,4,3,High
1079,Research & Development,Laboratory Technician,52,1,2,Medium
1080,Research & Development,Research Scientist,67,1,3,Medium
1081,Research & Development,Research Scientist,98,3,4,High
1082,Research & Development,Healthcare Representative,54,1,2,Medium
1083,Research & Development,Laboratory Technician,71,1,3,Medium
1084,Research & Development,Manufacturing Director,62,1,2,Medium
1085,Research & Development,Research Scientist,98,3,3,High
1088,Research & Development,Healthcare Representative,88,3,2,High
1092,Research & Development,Healthcare Representative,98,4,3,High
1094,Research & Development,Laboratory Technician,98,3,3,High
1096,Research & Development,Manufacturing Director,88,2,3,High
1097,Research & Development,Research Scientist,98,3,4,High
1098,Human Resources,Human Resources,68,1,3,Medium
1099,Research & Development,Healthcare Representative,98,4,3,High
1100,Sales,Sales Executive,72,1,3,Medium
1101,Research & Development,Research Scientist,98,3,3,High
1102,Research & Development,Laboratory Technician,92,3,2,High
1103,Research & Development,Healthcare Representative,98,4,2,High
1105,Sales,Sales Executive,98,4,3,High
1106,Research & Development,Laboratory Technician,98,4,4,High
1107,Research & Development,Laboratory Technician,84,3,2,High
1108,Research & Development,Research Scientist,88,2,3,High
1109,Research & Development,Manager,63,1,3,Medium
1111,Research & Development,Laboratory Technician,82,2,3,High
1113,Sales,Sales Executive,98,3,3,High
1114,Sales,Sales Executive,88,2,3,High
1115,Research & Development,Research Scientist,98,4,3,High
1116,Research & Development,Manager,98,4,2,High
1117,Sales,Sales Executive,98,3,3,High
1118,Research & Development,Healthcare Representative,77,2,3,High
1119,Sales,Sales Executive,98,3,3,High
1120,Research & Development,Research Scientist,98,4,3,High
1121,Research & Development,Manufacturing Director,67,2,2,Medium
1124,Sales,Manager,98,3,3,High
1125,Sales,Sales Executive,88,2,3,High
1126,Research & Development,Manufacturing Director,62,1,3,Medium
1127,Research & Development,Healthcare Representative,98,4,3,High
1128,Research & Development,Research Director,98,3,4,High
1131,Research & Development,Research Scientist,93,2,4,High
1132,Research & Development,Laboratory Technician,78,2,2,High
1133,Research & Development,Manufacturing Director,98,4,3,High
1135,Sales,Sales Representative,98,4,3,High
1136,Research & Development,Research Scientist,59,2,1,Medium
1137,Sales,Sales Executive,98,4,3,High
1138,Sales,Sales Executive,90,2,3,High
1140,Research & Development,Manufacturing Director,90,3,2,High
1143,Research & Development,Research Scientist,74,2,2,Medium
1148,Research & Development,Laboratory Technician,98,4,3,High
1150,Research & Development,Manufacturing Director,98,4,2,High
1152,Human Resources,Human Resources,98,3,4,High
1154,Research & Development,Research Scientist,98,3,3,High
1156,Research & Development,Laboratory Technician,98,3,3,High
1157,Sales,Sales Executive,72,1,3,Medium
1158,Research & Development,Laboratory Technician,98,4,3,High
1160,Research & Development,Laboratory Technician,96,3,2,High
1161,Research & Development,Healthcare Representative,98,4,3,High
1162,Research & Development,Research Scientist,98,3,3,High
1163,Sales,Sales Executive,90,3,2,High
1164,Human Resources,Human Resources,84,3,1,High
1165,Sales,Sales Executive,47,1,1,Low
1166,Research & Development,Research Director,93,3,2,High
1167,Sales,Sales Executive,50,1,2,Low
1171,Sales,Sales Executive,74,1,4,Medium
1172,Research & Development,Laboratory Technician,98,3,3,High
1173,Research & Development,Laboratory Technician,78,2,3,High
1175,Research & Development,Laboratory Technician,98,4,2,High
1177,Research & Development,Laboratory Technician,98,4,3,High
1179,Sales,Sales Executive,95,3,3,High
1180,Research & Development,Research Scientist,98,4,1,High
1182,Research & Development,Manufacturing Director,98,2,4,High
1184,Research & Development,Healthcare Representative,67,1,3,Medium
1185,Research & Development,Laboratory Technician,98,4,4,High
1188,Sales,Sales Executive,95,3,2,High
1190,Sales,Sales Representative,65,1,3,Medium
1191,Research & Development,Manager,70,1,3,Medium
1192,Research & Development,Laboratory Technician,98,4,3,High
1193,Research & Development,Research Scientist,66,1,3,Medium
1195,Research & Development,Research Scientist,90,3,2,High
1196,Research & Development,Manufacturing Director,98,4,2,High
1198,Research & Development,Laboratory Technician,86,3,2,High
1200,Research & Development,Research Scientist,98,3,3,High
1201,Research & Development,Manager,98,3,3,High
1202,Research & Development,Research Scientist,98,4,2,High
1203,Research & Development,Research Scientist,98,4,3,High
1204,Sales,Manager,72,1,3,Medium
1206,Research & Development,Research Scientist,98,3,3,High
1207,Human Resources,Human Resources,94,3,3,High
1210,Research & Development,Research Scientist,46,1,1,Low
1211,Sales,Sales Executive,65,1,3,Medium
1212,Sales,Sales Executive,76,2,3,High
1215,Research & Development,Manager,63,1,3,Medium
1216,Research & Development,Laboratory Technician,62,1,3,Medium
1217,Research & Development,Research Director,81,2,3,High
1218,Sales,Sales Executive,67,1,3,Medium
1219,Research & Development,Laboratory Technician,67,2,1,Medium
1220,Sales,Sales Executive,96,3,2,High
1221,Research & Development,Laboratory Technician,98,3,3,High
1224,Research & Development,Laboratory Technician,96,3,2,High
1225,Research & Development,Research Scientist,98,4,3,High
1226,Sales,Sales Representative,98,4,3,High
1228,Research & Development,Manufacturing Director,98,4,2,High
1231,Human Resources,Human Resources,72,1,4,Medium
1233,Sales,Sales Executive,98,4,3,High
1234,Research & Development,Laboratory Technician,87,2,3,High
1235,Research & Development,Research Scientist,98,3,3,High
1237,Research & Development,Manufacturing Director,61,1,3,Medium
1238,Research & Development,Research Scientist,98,4,3,High
1239,Sales,Sales Executive,88,2,4,High
1240,Sales,Sales Executive,98,4,3,High
1241,Research & Development,Research Scientist,84,2,3,High
1242,Research & Development,Research Director,59,1,3,Medium
1243,Sales,Sales Executive,98,4,2,High
1244,Research & Development,Research Scientist,56,1,2,Medium
1245,Research & Development,Manufacturing Director,74,3,1,Medium
1246,Research & Development,Research Scientist,98,4,3,High
1248,Research & Development,Research Scientist,98,2,4,High
1249,Research & Development,Research Scientist,98,4,3,High
1250,Research & Development,Research Director,98,4,3,High
1251,Research & Development,Healthcare Representative,52,1,2,Medium
1252,Research & Development,Healthcare Representative,63,1,3,Medium
1254,Sales,Sales Executive,98,4,3,High
1255,Research & Development,Research Director,98,4,3,High
1256,Research & Development,Manager,98,3,4,High
1257,Research & Development,Research Scientist,74,2,2,Medium
1258,Research & Development,Laboratory Technician,76,2,2,High
1259,Research & Development,Research Scientist,98,3,3,High
1260,Research & Development,Healthcare Representative,98,4,3,High
1263,Research & Development,Research Director,98,4,4,High
1264,Research & Development,Research Director,98,4,2,High
1265,Research & Development,Research Scientist,95,3,2,High
1267,Sales,Manager,83,2,3,High
1268,Sales,Sales Executive,98,3,3,High
1269,Research & Development,Research Scientist,98,4,3,High
1270,Research & Development,Research Scientist,98,3,3,High
1273,Sales,Sales Representative,98,4,3,High
1275,Research & Development,Research Scientist,98,4,2,High
1277,Sales,Manager,79,2,3,High
1278,Research & Development,Healthcare Representative,85,2,3,High
1279,Research & Development,Laboratory Technician,81,3,1,High
1280,Sales,Manager,85,2,3,High
1281,Sales,Sales Executive,69,1,3,Medium
1282,Sales,Manager,67,2,2,Medium
1283,Research & Development,Manufacturing Director,98,4,2,High
1285,Research & Development,Laboratory Technician,97,2,4,High
1286,Research & Development,Laboratory Technician,88,3,2,High
1288,Research & Development,Manager,56,1,2,Medium
1289,Human Resources,Human Resources,89,2,4,High
1291,Research & Development,Research Scientist,98,3,3,High
1292,Research & Development,Research Scientist,81,2,3,High
1293,Sales,Sales Executive,98,4,4,High
1294,Research & Development,Manufacturing Director,76,2,3,High
1295,Research & Development,Healthcare Representative,98,4,3,High
1296,Research & Development,Laboratory Technician,98,4,3,High
1297,Research & Development,Laboratory Technician,88,3,2,High
1298,Research & Development,Manufacturing Director,97,3,3,High
1299,Research & Development,Laboratory Technician,98,3,3,High
1301,Research & Development,Research Scientist,59,1,2,Medium
1303,Research & Development,Research Scientist,78,2,2,High
1304,Sales,Sales Executive,98,4,4,High
1306,Research & Development,Manager,89,2,3,High
1307,Research & Development,Manager,78,2,3,High
1308,Research & Development,Research Scientist,98,3,3,High
1309,Research & Development,Laboratory Technician,98,3,3,High
1310,Research & Development,Research Scientist,59,1,3,Medium
1311,Research & Development,Laboratory Technician,98,4,3,High
1312,Research & Development,Healthcare Representative,98,3,3,High
1314,Human Resources,Human Resources,82,1,4,High
1315,Research & Development,Laboratory Technician,98,4,3,High
1317,Research & Development,Research Director,59,1,3,Medium
1318,Sales,Sales Executive,85,2,3,High
1319,Sales,Sales Executive,73,2,2,Medium
1321,Research & Development,Manager,71,1,3,Medium
1322,Research & Development,Manufacturing Director,95,3,3,High
1324,Sales,Sales Executive,94,3,2,High
1329,Sales,Sales Executive,88,2,3,High
1331,Sales,Sales Representative,90,2,4,High
1333,Research & Development,Laboratory Technician,74,1,4,Medium
1334,Research & Development,Manager,91,3,2,High
1336,Research & Development,Manager,94,3,3,High
1338,Human Resources,Manager,81,2,3,High
1340,Research & Development,Research Scientist,94,3,3,High
1344,Research & Development,Healthcare Representative,98,4,2,High
1346,Research & Development,Research Scientist,98,4,3,High
1349,Sales,Sales Executive,58,1,3,Medium
1350,Research & Development,Research Scientist,98,3,3,High
1352,Human Resources,Manager,80,2,3,High
1355,Sales,Sales Executive,67,1,3,Medium
1356,Sales,Sales Executive,82,1,4,High
1358,Research & Development,Laboratory Technician,98,4,2,High
1360,Research & Development,Manufacturing Director,53,1,2,Medium
1361,Research & Development,Laboratory Technician,86,2,3,High
1362,Sales,Sales Executive,58,1,2,Medium
1363,Research & Development,Manufacturing Director,98,4,3,High
1364,Sales,Sales Representative,98,4,3,High
1367,Research & Development,Manufacturing Director,66,2,2,Medium
1368,Research & Development,Laboratory Technician,98,4,4,High
1369,Research & Development,Laboratory Technician,98,4,3,High
1371,Sales,Sales Executive,98,4,3,High
1372,Sales,Sales Executive,98,3,2,High
1373,Research & Development,Manufacturing Director,76,2,3,High
1374,Research & Development,Research Scientist,98,3,3,High
1375,Research & Development,Healthcare Representative,98,3,3,High
1377,Research & Development,Laboratory Technician,98,3,3,High
1379,Sales,Sales Representative,98,4,4,High
1380,Sales,Sales Executive,84,3,2,High
1382,Research & Development,Research Scientist,98,3,3,High
1383,Research & Development,Healthcare Representative,98,4,4,High
1387,Sales,Sales Executive,62,1,3,Medium
1389,Research & Development,Manufacturing Director,89,3,2,High
1390,Sales,Sales Executive,98,4,4,High
1391,Sales,Sales Executive,80,2,3,High
1392,Research & Development,Research Scientist,98,4,2,High
1394,Research & Development,Research Scientist,98,3,3,High
1395,Sales,Sales Executive,98,4,4,High
1396,Sales,Sales Executive,70,2,2,Medium
1397,Research & Development,Healthcare Representative,98,3,3,High
1399,Sales,Sales Executive,93,3,2,High
1401,Research & Development,Manufacturing Director,86,3,2,High
1402,Research & Development,Research Scientist,74,3,1,Medium
1403,Sales,Sales Executive,98,4,3,High
1405,Research & Development,Research Scientist,98,3,3,High
1407,Research & Development,Research Scientist,98,4,3,High
1408,Human Resources,Manager,71,1,3,Medium
1409,Research & Development,Laboratory Technician,38,1,1,Low
1411,Research & Development,Laboratory Technician,96,3,3,High
1412,Research & Development,Manufacturing Director,98,4,3,High
1415,Research & Development,Laboratory Technician,98,4,2,High
1417,Research & Development,Laboratory Technician,61,1,3,Medium
1419,Human Resources,Human Resources,61,1,2,Medium
1420,Research & Development,Laboratory Technician,58,1,3,Medium
1421,Research & Development,Healthcare Representative,98,4,3,High
1422,Research & Development,Research Director,98,4,2,High
1423,Research & Development,Research Director,59,1,3,Medium
1424,Research & Development,Research Director,98,4,4,High
1425,Sales,Sales Executive,90,2,3,High
1427,Sales,Sales Representative,98,3,3,High
1428,Sales,Sales Executive,64,1,3,Medium
1430,Research & Development,Research Director,95,2,4,High
1431,Research & Development,Research Scientist,67,1,3,Medium
1433,Research & Development,Research Scientist,87,2,4,High
1434,Research & Development,Laboratory Technician,73,1,4,Medium
1435,Research & Development,Laboratory Technician,98,4,2,High
1436,Sales,Sales Executive,50,1,2,Low
1438,Research & Development,Research Scientist,98,4,2,High
1439,Sales,Sales Representative,59,1,3,Medium
1440,Research & Development,Laboratory Technician,85,3,1,High
1441,Research & Development,Research Scientist,68,1,4,Medium
1443,Research & Development,Research Director,98,3,4,High
1445,Sales,Sales Executive,98,3,3,High
1446,Sales,Sales Executive,98,4,2,High
1447,Research & Development,Laboratory Technician,79,2,2,High
1448,Research & Development,Research Scientist,97,3,2,High
1449,Research & Development,Laboratory Technician,98,3,4,High
1453,Sales,Sales Executive,98,4,3,High
1457,Sales,Sales Executive,98,4,4,High
1458,Research & Development,Laboratory Technician,82,1,4,High
1459,Research & Development,Manufacturing Director,90,2,3,High
1460,Research & Development,Healthcare Representative,64,1,3,Medium
1461,Human Resources,Human Resources,90,2,3,High
1464,Research & Development,Laboratory Technician,96,4,1,High
1465,Research & Development,Manufacturing Director,98,4,4,High
1466,Sales,Sales Executive,71,1,3,Medium
1467,Human Resources,Human Resources,95,3,3,High
1468,Research & Development,Research Director,86,2,3,High
1469,Sales,Sales Executive,60,1,3,Medium
1471,Research & Development,Laboratory Technician,98,3,3,High
1472,Research & Development,Research Director,71,2,2,Medium
1473,Research & Development,Healthcare Representative,95,3,2,High
1474,Research & Development,Research Scientist,98,3,4,High
1475,Research & Development,Research Scientist,71,2,2,Medium
1477,Sales,Sales Executive,59,1,3,Medium
1478,Sales,Sales Executive,59,1,3,Medium
1479,Sales,Sales Executive,85,3,2,High
1480,Research & Development,Laboratory Technician,98,4,3,High
1481,Sales,Sales Executive,98,3,2,High
1482,Research & Development,Research Scientist,94,3,2,High
1483,Research & Development,Research Scientist,86,3,2,High
1484,Research & Development,Healthcare Representative,90,2,3,High
1485,Research & Development,Research Director,49,1,2,Low
1486,Sales,Sales Representative,98,3,4,High
1487,Sales,Sales Executive,64,2,1,Medium
1489,Sales,Sales Executive,91,2,4,High
1492,Sales,Sales Representative,94,3,3,High
1494,Research & Development,Laboratory Technician,55,1,2,Medium
1495,Sales,Sales Representative,90,2,3,High
1496,Research & Development,Manufacturing Director,95,3,2,High
1497,Sales,Sales Executive,98,3,3,High
1499,Human Resources,Human Resources,98,3,4,High
1501,Research & Development,Healthcare Representative,98,3,3,High
1502,Research & Development,Laboratory Technician,78,2,3,High
1503,Sales,Sales Executive,84,3,2,High
1504,Research & Development,Laboratory Technician,52,1,2,Medium
1506,Research & Development,Research Scientist,86,3,1,High
1507,Sales,Sales Executive,61,1,3,Medium
1509,Research & Development,Laboratory Technician,67,1,3,Medium
1513,Research & Development,Laboratory Technician,83,2,3,High
1514,Research & Development,Manufacturing Director,66,2,2,Medium
1515,Research & Development,Healthcare Representative,98,3,3,High
1516,Research & Development,Manager,98,4,4,High
1520,Research & Development,Manager,98,4,3,High
1522,Research & Development,Research Scientist,41,1,1,Low
1523,Research & Development,Research Director,75,1,4,Medium
1525,Research & Development,Manufacturing Director,80,2,3,High
1527,Sales,Manager,87,2,4,High
1529,Research & Development,Healthcare Representative,61,2,1,Medium
1533,Research & Development,Laboratory Technician,98,3,3,High
1534,Research & Development,Laboratory Technician,39,1,1,Low
1535,Sales,Sales Executive,98,3,3,High
1537,Research & Development,Research Scientist,87,3,1,High
1539,Research & Development,Research Director,98,4,3,High
1541,Sales,Sales Representative,98,3,3,High
1542,Research & Development,Laboratory Technician,86,2,3,High
1543,Research & Development,Research Scientist,98,4,3,High
1544,Research & Development,Healthcare Representative,72,1,3,Medium
1545,Research & Development,Manufacturing Director,84,2,3,High
1546,Research & Development,Research Scientist,98,4,3,High
1547,Research & Development,Healthcare Representative,98,4,1,High
1548,Sales,Sales Executive,82,1,4,High
1549,Research & Development,Laboratory Technician,98,3,3,High
1550,Human Resources,Manager,98,4,3,High
1551,Research & Development,Laboratory Technician,65,1,3,Medium
1552,Research & Development,Healthcare Representative,98,4,3,High
1553,Research & Development,Healthcare Representative,83,2,3,High
1554,Sales,Sales Representative,97,3,3,High
1555,Research & Development,Research Scientist,83,2,3,High
1556,Sales,Sales Representative,98,4,2,High
1557,Sales,Sales Executive,96,3,3,High
1558,Research & Development,Research Scientist,86,3,2,High
1560,Sales,Sales Executive,48,1,1,Low
1562,Sales,Sales Executive,70,1,3,Medium
1563,Human Resources,Human Resources,95,3,3,High
1564,Research & Development,Laboratory Technician,70,1,3,Medium
1568,Sales,Sales Executive,85,2,3,High
1569,Research & Development,Laboratory Technician,60,1,3,Medium
1572,Research & Development,Manufacturing Director,98,4,3,High
1573,Research & Development,Manufacturing Director,80,2,3,High
1574,Research & Development,Research Scientist,52,1,2,Medium
1576,Research & Development,Research Scientist,49,1,2,Low
1577,Research & Development,Research Scientist,98,4,1,High
1578,Sales,Manager,98,4,3,High
1580,Research & Development,Research Scientist,98,4,2,High
1581,Research & Development,Research Scientist,98,4,3,High
1582,Sales,Sales Executive,80,2,3,High
1583,Sales,Sales Executive,91,2,4,High
1585,Sales,Sales Executive,94,3,3,High
1586,Research & Development,Laboratory Technician,62,1,3,Medium
1587,Research & Development,Healthcare Representative,98,3,3,High
1588,Sales,Sales Executive,98,3,3,High
1590,Research & Development,Healthcare Representative,98,4,4,High
1591,Sales,Manager,98,3,3,High
1592,Research & Development,Research Scientist,95,3,3,High
1594,Research & Development,Laboratory Technician,58,1,3,Medium
1595,Research & Development,Manager,98,4,3,High
1596,Research & Development,Laboratory Technician,93,3,2,High
1597,Research & Development,Healthcare Representative,96,3,2,High
1598,Sales,Sales Executive,68,1,3,Medium
1599,Research & Development,Laboratory Technician,84,2,3,High
1601,Research & Development,Laboratory Technician,98,4,2,High
1602,Sales,Manager,46,1,1,Low
1604,Research & Development,Laboratory Technician,90,2,3,High
1605,Research & Development,Research Scientist,92,3,2,High
1606,Research & Development,Healthcare Representative,98,3,3,High
1607,Research & Development,Research Scientist,98,4,3,High
1608,Research & Development,Research Director,98,4,2,High
1609,Research & Development,Research Scientist,79,2,2,High
1611,Research & Development,Laboratory Technician,68,1,3,Medium
1612,Sales,Sales Executive,72,1,3,Medium
1613,Sales,Sales Executive,70,1,3,Medium
1614,Research & Development,Manufacturing Director,94,3,3,High
1615,Research & Development,Manufacturing Director,98,4,3,High
1617,Research & Development,Laboratory Technician,51,1,2,Medium
1618,Research & Development,Manufacturing Director,58,1,3,Medium
1619,Research & Development,Laboratory Technician,65,1,3,Medium
1621,Research & Development,Research Scientist,58,1,3,Medium
1622,Research & Development,Manufacturing Director,50,1,2,Low
1623,Research & Development,Research Scientist,98,4,3,High
1624,Sales,Sales Representative,98,4,4,High
1625,Human Resources,Manager,98,3,3,High
1627,Research & Development,Laboratory Technician,98,3,3,High
1628,Research & Development,Manufacturing Director,98,3,3,High
1630,Research & Development,Healthcare Representative,98,3,3,High
1631,Research & Development,Manufacturing Director,89,3,2,High
1633,Research & Development,Manufacturing Director,87,3,1,High
1635,Research & Development,Manufacturing Director,98,4,3,High
1638,Research & Development,Manufacturing Director,98,3,4,High
1639,Sales,Sales Executive,64,1,3,Medium
1640,Research & Development,Research Scientist,69,2,1,Medium
1641,Research & Development,Manufacturing Director,98,4,2,High
1642,Human Resources,Human Resources,98,4,3,High
1644,Research & Development,Manager,98,4,3,High
1645,Sales,Sales Executive,98,4,2,High
1646,Research & Development,Research Scientist,98,4,3,High
1647,Research & Development,Research Scientist,98,3,3,High
1648,Research & Development,Research Scientist,98,4,2,High
1649,Research & Development,Laboratory Technician,40,1,1,Low
1650,Sales,Sales Executive,98,3,3,High
1651,Research & Development,Healthcare Representative,60,1,3,Medium
1653,Research & Development,Manufacturing Director,98,3,3,High
1654,Research & Development,Manufacturing Director,82,2,3,High
1655,Research & Development,Research Director,89,2,3,High
1656,Research & Development,Research Director,68,1,3,Medium
1657,Sales,Sales Representative,98,3,3,High
1658,Research & Development,Research Scientist,87,2,3,High
1659,Research & Development,Laboratory Technician,88,2,3,High
1661,Research & Development,Healthcare Representative,95,3,3,High
1662,Research & Development,Manufacturing Director,98,3,3,High
1664,Research & Development,Healthcare Representative,63,1,3,Medium
1665,Research & Development,Manager,96,3,3,High
1666,Research & Development,Research Director,96,3,3,High
1667,Sales,Sales Executive,98,4,4,High
1668,Research & Development,Research Scientist,98,4,4,High
1669,Sales,Sales Executive,72,2,2,Medium
1670,Sales,Sales Executive,98,4,3,High
1671,Research & Development,Research Scientist,77,2,2,High
1673,Sales,Sales Executive,98,4,3,High
1674,Research & Development,Laboratory Technician,54,1,2,Medium
1675,Research & Development,Laboratory Technician,84,2,3,High
1676,Sales,Manager,76,2,3,High
1677,Research & Development,Manager,98,3,3,High
1678,Sales,Sales Executive,98,3,3,High
1680,Sales,Sales Representative,67,1,3,Medium
1681,Sales,Sales Executive,98,4,3,High
1682,Research & Development,Healthcare Representative,95,3,2,High
1683,Human Resources,Human Resources,98,4,3,High
1684,Research & Development,Laboratory Technician,94,3,3,High
1687,Research & Development,Laboratory Technician,96,3,2,High
1689,Research & Development,Healthcare Representative,98,4,3,High
1691,Sales,Sales Representative,98,3,3,High
1692,Research & Development,Laboratory Technician,79,2,3,High
1693,Research & Development,Laboratory Technician,98,4,3,High
1694,Research & Development,Research Scientist,78,2,3,High
1696,Research & Development,Laboratory Technician,98,4,4,High
1697,Research & Development,Healthcare Representative,98,4,4,High
1698,Research & Development,Laboratory Technician,77,2,3,High
1700,Sales,Sales Executive,98,4,2,High
1701,Research & Development,Research Scientist,98,4,3,High
1702,Sales,Sales Representative,98,4,3,High
1703,Research & Development,Healthcare Representative,98,4,3,High
1704,Research & Development,Research Scientist,98,4,4,High
1706,Sales,Sales Executive,98,4,3,High
1707,Research & Development,Research Scientist,98,3,3,High
1708,Sales,Sales Executive,98,3,3,High
1709,Research & Development,Laboratory Technician,94,3,3,High
1710,Sales,Sales Representative,98,4,2,High
1712,Research & Development,Healthcare Representative,86,3,2,High
1714,Human Resources,Human Resources,98,3,3,High
1716,Sales,Sales Executive,82,3,1,High
1718,Research & Development,Laboratory Technician,98,3,4,High
1719,Research & Development,Research Director,81,2,3,High
1720,Research & Development,Research Scientist,87,3,2,High
1721,Research & Development,Laboratory Technician,98,3,4,High
1722,Human Resources,Human Resources,77,2,3,High
1724,Research & Development,Manufacturing Director,68,1,3,Medium
1725,Research & Development,Laboratory Technician,75,1,4,Medium
1727,Research & Development,Healthcare Representative,86,2,3,High
1728,Research & Development,Manufacturing Director,98,3,3,High
1729,Research & Development,Research Scientist,98,4,2,High
1731,Sales,Sales Executive,60,2,1,Medium
1732,Sales,Sales Executive,98,4,2,High
1733,Sales,Sales Executive,58,1,3,Medium
1734,Sales,Sales Executive,80,2,3,High
1735,Research & Development,Laboratory Technician,61,2,1,Medium
1736,Research & Development,Manufacturing Director,98,4,2,High
1737,Research & Development,Laboratory Technician,98,4,3,High
1739,Sales,Sales Executive,79,3,1,High
1740,Sales,Manager,72,2,2,Medium
1744,Human Resources,Human Resources,98,3,4,High
1745,Research & Development,Research Scientist,71,1,3,Medium
1746,Human Resources,Human Resources,98,4,3,High
1747,Human Resources,Human Resources,98,4,2,High
1749,Sales,Sales Executive,98,3,3,High
1751,Research & Development,Research Scientist,98,4,2,High
1752,Sales,Sales Representative,90,2,3,High
1753,Research & Development,Healthcare Representative,98,3,4,High
1754,Sales,Sales Executive,64,1,3,Medium
1755,Research & Development,Research Scientist,98,4,3,High
1756,Sales,Sales Executive,72,2,2,Medium
1757,Sales,Sales Executive,98,4,4,High
1758,Sales,Sales Executive,50,1,2,Low
1760,Research & Development,Laboratory Technician,80,2,2,High
1761,Sales,Sales Executive,98,3,3,High
1762,Research & Development,Research Scientist,62,1,3,Medium
1763,Research & Development,Healthcare Representative,97,3,3,High
1764,Research & Development,Research Scientist,83,2,3,High
1766,Research & Development,Healthcare Representative,98,4,3,High
1767,Research & Development,Research Scientist,98,3,3,High
1768,Research & Development,Laboratory Technician,67,2,2,Medium
1770,Research & Development,Research Director,61,1,3,Medium
1771,Research & Development,Research Scientist,77,2,2,High
1772,Research & Development,Laboratory Technician,68,1,3,Medium
1774,Sales,Sales Executive,97,3,3,High
1775,Research & Development,Manufacturing Director,98,3,2,High
1778,Human Resources,Human Resources,98,4,3,High
1779,Sales,Sales Executive,98,4,3,High
1780,Sales,Sales Representative,76,2,3,High
1782,Research & Development,Laboratory Technician,98,3,3,High
1783,Research & Development,Laboratory Technician,65,1,3,Medium
1784,Sales,Sales Executive,98,4,3,High
1786,Research & Development,Manager,96,3,3,High
1787,Sales,Sales Executive,89,2,3,High
1789,Research & Development,Research Director,98,4,3,High
1790,Research & Development,Healthcare Representative,59,1,3,Medium
1792,Research & Development,Research Scientist,80,2,2,High
1794,Human Resources,Human Resources,76,2,2,High
1797,Sales,Sales Executive,98,4,3,High
1798,Research & Development,Research Scientist,67,1,3,Medium
1799,Research & Development,Research Scientist,98,4,4,High
1800,Research & Development,Research Director,98,3,3,High
1801,Sales,Sales Executive,87,2,3,High
1802,Research & Development,Laboratory Technician,52,1,2,Medium
1803,Research & Development,Healthcare Representative,53,1,2,Medium
1804,Research & Development,Manufacturing Director,98,4,3,High
1805,Human Resources,Human Resources,81,2,3,High
1807,Research & Development,Laboratory Technician,51,1,2,Medium
1809,Research & Development,Manufacturing Director,40,1,1,Low
1812,Sales,Sales Executive,98,4,3,High
1813,Research & Development,Research Scientist,84,3,2,High
1814,Research & Development,Healthcare Representative,59,2,1,Medium
1815,Sales,Sales Executive,98,3,4,High
1816,Research & Development,Manufacturing Director,98,3,3,High
1818,Human Resources,Human Resources,90,2,3,High
1821,Research & Development,Healthcare Representative,86,2,4,High
1822,Research & Development,Healthcare Representative,98,4,3,High
1823,Sales,Sales Executive,98,3,3,High
1824,Sales,Manager,71,2,2,Medium
1826,Research & Development,Laboratory Technician,98,3,4,High
1827,Research & Development,Manufacturing Director,89,2,3,High
1829,Research & Development,Healthcare Representative,68,1,3,Medium
1830,Research & Development,Research Scientist,98,4,2,High
1833,Sales,Sales Executive,61,1,3,Medium
1834,Research & Development,Research Scientist,70,1,3,Medium
1835,Sales,Sales Representative,98,4,2,High
1836,Sales,Sales Executive,98,4,3,High
1837,Research & Development,Research Director,94,3,3,High
1839,Research & Development,Research Scientist,79,3,1,High
1842,Human Resources,Human Resources,59,1,3,Medium
1844,Human Resources,Human Resources,65,1,3,Medium
1845,Sales,Sales Executive,98,3,4,High
1847,Research & Development,Research Scientist,80,2,3,High
1849,Sales,Sales Executive,98,4,3,High
1850,Research & Development,Laboratory Technician,98,4,2,High
1852,Research & Development,Laboratory Technician,98,4,4,High
1853,Sales,Sales Executive,98,4,4,High
1854,Research & Development,Research Scientist,96,3,2,High
1856,Research & Development,Laboratory Technician,98,3,3,High
1857,Research & Development,Manufacturing Director,98,4,2,High
1858,Human Resources,Human Resources,98,4,3,High
1859,Research & Development,Healthcare Representative,94,3,3,High
1860,Research & Development,Laboratory Technician,98,3,3,High
1862,Sales,Sales Executive,70,2,2,Medium
1863,Sales,Sales Executive,66,1,3,Medium
1864,Sales,Sales Representative,94,3,3,High
1865,Human Resources,Human Resources,84,2,3,High
1866,Research & Development,Manager,98,3,3,High
1867,Research & Development,Research Director,90,2,3,High
1868,Research & Development,Research Scientist,98,4,2,High
1869,Sales,Sales Executive,81,2,3,High
1870,Research & Development,Research Scientist,54,1,2,Medium
1871,Research & Development,Research Scientist,98,4,3,High
1873,Research & Development,Research Scientist,98,4,4,High
1875,Sales,Sales Representative,90,2,3,High
1876,Sales,Sales Representative,98,4,2,High
1878,Research & Development,Research Scientist,80,2,3,High
1880,Sales,Sales Executive,98,3,3,High
1881,Research & Development,Laboratory Technician,98,3,3,High
1882,Sales,Sales Executive,98,4,3,High
1883,Research & Development,Laboratory Technician,59,1,3,Medium
1885,Research & Development,Research Scientist,71,1,3,Medium
1886,Research & Development,Manufacturing Director,80,2,3,High
1888,Research & Development,Manufacturing Director,98,4,2,High
1890,Human Resources,Human Resources,98,4,2,High
1892,Research & Development,Manager,66,1,3,Medium
1893,Research & Development,Research Scientist,85,3,2,High
1898,Sales,Sales Executive,95,3,2,High
1900,Research & Development,Manager,98,4,3,High
1903,Research & Development,Healthcare Representative,60,1,3,Medium
1905,Research & Development,Research Scientist,58,1,3,Medium
1907,Research & Development,Laboratory Technician,98,4,3,High
1908,Sales,Sales Executive,61,2,1,Medium
1909,Sales,Sales Executive,87,2,3,High
1911,Research & Development,Research Director,80,1,4,High
1912,Sales,Sales Executive,98,4,3,High
1915,Sales,Sales Executive,98,4,2,High
1916,Research & Development,Laboratory Technician,92,3,2,High
1918,Research & Development,Laboratory Technician,98,4,3,High
1922,Research & Development,Healthcare Representative,98,3,3,High
1924,Sales,Sales Executive,95,3,2,High
1927,Sales,Sales Executive,98,4,3,High
1928,Sales,Sales Representative,60,1,3,Medium
1929,Sales,Sales Executive,98,3,3,High
1931,Research & Development,Research Scientist,70,2,2,Medium
1932,Research & Development,Research Scientist,98,4,3,High
1933,Sales,Sales Executive,96,3,3,High
1934,Research & Development,Research Scientist,96,2,4,High
1935,Sales,Sales Executive,71,1,3,Medium
1936,Research & Development,Manufacturing Director,67,1,3,Medium
1937,Research & Development,Research Scientist,89,2,3,High
1938,Sales,Manager,98,4,2,High
1939,Research & Development,Research Scientist,98,3,3,High
1940,Research & Development,Research Scientist,98,4,4,High
1941,Research & Development,Research Director,98,4,3,High
1943,Sales,Sales Executive,98,4,3,High
1944,Human Resources,Human Resources,77,2,3,High
1945,Sales,Sales Executive,45,1,1,Low
1947,Research & Development,Research Scientist,91,3,2,High
1948,Research & Development,Research Scientist,74,1,4,Medium
1949,Research & Development,Laboratory Technician,83,2,3,High
1950,Sales,Sales Executive,98,4,2,High
1951,Sales,Sales Executive,86,3,2,High
1952,Research & Development,Laboratory Technician,60,1,2,Medium
1954,Research & Development,Healthcare Representative,53,1,2,Medium
1955,Research & Development,Healthcare Representative,98,4,3,High
1956,Research & Development,Research Scientist,64,1,3,Medium
1960,Research & Development,Laboratory Technician,98,4,2,High
1961,Sales,Sales Representative,62,1,2,Medium
1962,Sales,Sales Executive,98,4,3,High
1965,Sales,Sales Executive,98,4,3,High
1966,Research & Development,Manufacturing Director,98,4,3,High
1967,Sales,Sales Executive,98,4,3,High
1968,Sales,Sales Executive,62,1,2,Medium
1969,Research & Development,Research Scientist,90,3,2,High
1970,Research & Development,Healthcare Representative,95,3,3,High
1971,Research & Development,Healthcare Representative,98,3,3,High
1972,Human Resources,Human Resources,80,2,3,High
1973,Human Resources,Manager,83,2,3,High
1974,Research & Development,Laboratory Technician,98,4,3,High
1975,Sales,Sales Executive,60,1,3,Medium
1976,Research & Development,Research Scientist,98,3,3,High
1979,Research & Development,Research Director,98,3,4,High
1980,Research & Development,Manufacturing Director,63,1,3,Medium
1981,Research & Development,Healthcare Representative,89,3,2,High
1982,Research & Development,Laboratory Technician,98,4,4,High
1985,Research & Development,Laboratory Technician,98,3,4,High
1986,Sales,Sales Executive,78,2,3,High
1987,Human Resources,Human Resources,83,2,3,High
1989,Research & Development,Laboratory Technician,75,2,2,Medium
1992,Research & Development,Laboratory Technician,87,3,2,High
1993,Research & Development,Healthcare Representative,98,3,3,High
1994,Research & Development,Laboratory Technician,98,3,2,High
1995,Sales,Sales Executive,88,2,3,High
1996,Sales,Sales Representative,94,3,3,High
1997,Research & Development,Manufacturing Director,97,3,3,High
1998,Research & Development,Research Scientist,61,1,2,Medium
1999,Research & Development,Research Scientist,98,4,3,High
2000,Research & Development,Research Director,66,2,1,Medium
2003,Research & Development,Laboratory Technician,97,3,3,High
2007,Research & Development,Research Scientist,98,3,4,High
2008,Research & Development,Research Scientist,98,3,3,High
2009,Research & Development,Healthcare Representative,98,4,3,High
2010,Research & Development,Laboratory Technician,76,2,3,High
2012,Research & Development,Laboratory Technician,98,4,2,High
2013,Sales,Sales Representative,80,2,3,High
2014,Research & Development,Research Scientist,98,4,3,High
2015,Research & Development,Research Director,98,3,3,High
2016,Sales,Sales Executive,98,4,3,High
2017,Research & Development,Research Director,98,4,3,High
2018,Sales,Sales Executive,87,3,2,High
2019,Sales,Sales Representative,98,4,2,High
2020,Research & Development,Research Scientist,98,4,3,High
2021,Sales,Sales Representative,67,1,3,Medium
2022,Research & Development,Manager,98,4,2,High
2023,Sales,Sales Representative,58,1,2,Medium
2024,Sales,Sales Executive,98,4,3,High
2025,Research & Development,Manufacturing Director,76,2,3,High
2026,Research & Development,Healthcare Representative,89,3,2,High
2027,Research & Development,Research Scientist,98,4,4,High
2031,Research & Development,Manager,96,3,2,High
2032,Research & Development,Laboratory Technician,88,3,1,High
2034,Research & Development,Manufacturing Director,90,2,3,High
2035,Sales,Sales Executive,97,3,3,High
2036,Sales,Sales Executive,98,4,2,High
2037,Sales,Sales Executive,83,2,3,High
2038,Research & Development,Research Scientist,61,1,3,Medium
2040,Human Resources,Human Resources,98,4,3,High
2041,Sales,Sales Executive,98,4,3,High
2044,Sales,Sales Executive,98,3,3,High
2045,Sales,Sales Executive,98,4,2,High
2046,Sales,Sales Executive,98,3,3,High
2048,Research & Development,Research Scientist,98,3,3,High
2049,Research & Development,Healthcare Representative,98,3,4,High
2051,Research & Development,Research Scientist,97,3,3,High
2052,Research & Development,Research Scientist,98,4,3,High
2053,Research & Development,Laboratory Technician,88,2,3,High
2054,Research & Development,Research Scientist,39,1,1,Low
2055,Sales,Sales Executive,68,1,3,Medium
2056,Sales,Sales Executive,98,4,2,High
2057,Research & Development,Manufacturing Director,60,1,3,Medium
2060,Sales,Sales Representative,96,3,3,High
2061,Research & Development,Laboratory Technician,98,4,3,High
2062,Research & Development,Healthcare Representative,61,1,3,Medium
2064,Research & Development,Manufacturing Director,85,2,3,High
2065,Sales,Sales Executive,76,2,2,High
2068,Research & Development,Laboratory Technician,98,3,4,High
